{"cameraMode":{"drawMode":0,"name":"Shaded","section":"Shading Mode"},"sceneLighting":true,"audioPlay":false,"sceneViewState":{"m_AlwaysRefresh":false,"showFog":true,"showSkybox":true,"showFlares":true,"showImageEffects":true,"showParticleSystems":true,"showVisualEffectGraphs":true,"m_FxEnabled":true},"in2DMode":false,"pivot":{"x":347.6900329589844,"y":250.36148071289063,"z":64.2755126953125},"rotation":{"x":0.007309074979275465,"y":-0.000005902958491788013,"z":0.0000054314818953571379,"w":1.0000073909759522},"size":409.656005859375,"orthographic":false}